variable,experiment,mean,std
Albedo,Exp1,0.00014126348475234163,0.0007392152914770967
Albedo,Exp2,0.002615727872365506,0.0007705341901239613
Albedo,Exp3,0.00383316311334315,0.002776901379108512
Albedo,Exp4,0.0023032964354390982,0.0007176455024079643
R_net,Exp1,8.599379715923586,0.5200623921864259
R_net,Exp2,19.498817203043078,0.868603484584152
R_net,Exp3,22.63505410464263,1.3112738944588085
R_net,Exp4,17.558308374794805,0.765574690127656
LE,Exp1,7.038910466938662,0.4816250886440265
LE,Exp2,27.325569306126255,1.619052639641131
LE,Exp3,18.128891273505634,0.442501030003607
LE,Exp4,22.42661524972395,1.175653863173361
H,Exp1,-1.3995690996798953,0.21489705799342898
H,Exp2,-11.279136337250572,0.9338046246310252
H,Exp3,2.0619220515406917,0.4231324285186931
H,Exp4,-8.47068216751602,0.6117666529720022
EF,Exp1,0.05400459547088456,0.010820764709594156
EF,Exp2,0.1958822178183901,0.02722829241004268
EF,Exp3,0.13303024733239863,0.01732174490774567
EF,Exp4,0.1635929377033991,0.023940138259915745
T2_day,Exp1,0.04347239615778569,0.010590161194736894
T2_day,Exp2,-0.03442994494461998,0.013570631375240616
T2_day,Exp3,0.09473405784853005,0.024884262414347234
T2_day,Exp4,-0.0018436363392937848,0.01592921530511259
T2_night,Exp1,-0.9821368966532034,0.05124864582599984
T2_night,Exp2,-1.7145773068256007,0.08270566324502311
T2_night,Exp3,-1.7630200245024674,0.07060177560288068
T2_night,Exp4,-1.5008202960580472,0.07043957095944002
LST_day,Exp1,-1.4894178317531257,0.05184797034662692
LST_day,Exp2,-5.260015697291316,0.19392623239610646
LST_day,Exp3,-7.2141789052572785,0.13584571781838406
LST_day,Exp4,-4.782594381345636,0.14198447322422278
SM,Exp1,-0.003926091833875752,0.0037006294765573925
SM,Exp2,-0.032106731999234854,0.01045880653179604
SM,Exp3,-0.0033641398407454185,0.007318518910459953
SM,Exp4,-0.024901465332667305,0.008896200791311067
precip_daily,Exp1,0.0006700534199663914,0.0021531428836891226
precip_daily,Exp2,0.006633182719886996,0.009839202029936543
precip_daily,Exp3,0.014121125089394287,0.0023779511387117818
precip_daily,Exp4,0.003180548901287246,0.006733778233378526
wet_day_freq,Exp1,0.0010496444922674434,0.001543637187430579
wet_day_freq,Exp2,0.003011793995400553,0.0032348066496230834
wet_day_freq,Exp3,0.003628921661708547,0.002446315058084209
wet_day_freq,Exp4,0.002806084773297888,0.0027762666615011936
